{
    "birdeye_src": [
        [
            177.0,
            170.0
        ],
        [
            410.0,
            164.0
        ],
        [
            58.0,
            336.0
        ],
        [
            544.0,
            327.0
        ]
    ],
    "birdeye_dst": [
        [
            0.0,
            0.0
        ],
        [
            300.0,
            0.0
        ],
        [
            0.0,
            400.0
        ],
        [
            300.0,
            400.0
        ]
    ],
    "xm_per_pix": 0.0224,
    "ym_per_pix": 0.01395,
    "warped_width": 300,
    "warped_height": 400,
    "physical_measurements": {
        "width_near": 6.72,
        "width_far": 6.72,
        "length": 5.58
    },
    "timestamp": "2025-03-18T14:38:50.304688"
}